"ZIP Code","Total Cases","Deaths"
"60000","42","N/A"
"60001","8","N/A"
"60002","6,574","N/A"
"60004","15,437","N/A"
"60005","8,735","N/A"
"60006","43","N/A"
"60007","9,420","N/A"
"60008","7,249","N/A"
"60009","38","N/A"
"60010","11,876","N/A"
"60011","37","N/A"
"60012","3,603","N/A"
"60013","7,812","N/A"
"60014","16,377","N/A"
"60015","8,917","N/A"
"60016","19,605","N/A"
"60017","41","N/A"
"60018","9,517","N/A"
"60019","18","N/A"
"60020","2,977","N/A"
"60021","1,595","N/A"
"60022","2,406","N/A"
"60025","13,372","N/A"
"60026","4,750","N/A"
"60029","145","N/A"
"60030","10,108","N/A"
"60031","11,717","N/A"
"60033","4,543","N/A"
"60034","543","N/A"
"60035","8,646","N/A"
"60036","12","N/A"
"60038","15","N/A"
"60039","27","N/A"
"60040","1,614","N/A"
"60041","2,602","N/A"
"60042","2,252","N/A"
"60043","732","N/A"
"60044","2,912","N/A"
"60045","5,259","N/A"
"60046","10,124","N/A"
"60047","11,592","N/A"
"60048","7,682","N/A"
"60050","11,538","N/A"
"60051","7,341","N/A"
"60053","8,497","N/A"
"60055","28","N/A"
"60056","17,313","N/A"
"60057","10","N/A"
"60058","6","N/A"
"60059","6","N/A"
"60060","10,867","N/A"
"60061","7,752","N/A"
"60062","14,501","N/A"
"60063","15","N/A"
"60064","7,199","N/A"
"60065","28","N/A"
"60067","11,744","N/A"
"60068","12,428","N/A"
"60069","2,862","N/A"
"60070","4,738","N/A"
"60071","995","N/A"
"60072","257","N/A"
"60073","19,848","N/A"
"60074","10,932","N/A"
"60075","27","N/A"
"60076","12,159","N/A"
"60077","10,260","N/A"
"60078","36","N/A"
"60079","150","N/A"
"60080","10","N/A"
"60081","2,501","N/A"
"60082","44","N/A"
"60083","2,947","N/A"
"60084","4,592","N/A"
"60085","23,293","N/A"
"60086","34","N/A"
"60087","9,508","N/A"
"60088","2,247","N/A"
"60089","12,909","N/A"
"60090","12,936","N/A"
"60091","7,845","N/A"
"60092","7","N/A"
"60093","5,936","N/A"
"60094","12","N/A"
"60095","19","N/A"
"60096","1,833","N/A"
"60097","3,492","N/A"
"60098","10,578","N/A"
"60099","10,746","N/A"
"60101","13,728","N/A"
"60102","9,681","N/A"
"60103","13,406","N/A"
"60104","7,083","N/A"
"60105","19","N/A"
"60106","6,499","N/A"
"60107","12,491","N/A"
"60108","8,502","N/A"
"60109","204","N/A"
"60110","12,353","N/A"
"60111","61","N/A"
"60112","1,662","N/A"
"60113","106","N/A"
"60115","14,088","N/A"
"60116","19","N/A"
"60118","4,680","N/A"
"60119","3,231","N/A"
"60120","15,929","N/A"
"60121","75","N/A"
"60123","15,720","N/A"
"60124","7,385","N/A"
"60125","11","N/A"
"60126","14,792","N/A"
"60128","8","N/A"
"60129","80","N/A"
"60130","4,067","N/A"
"60131","6,243","N/A"
"60132","9","N/A"
"60133","12,383","N/A"
"60134","9,261","N/A"
"60135","2,480","N/A"
"60136","2,899","N/A"
"60137","12,087","N/A"
"60138","30","N/A"
"60139","11,041","N/A"
"60140","7,635","N/A"
"60141","331","N/A"
"60142","9,522","N/A"
"60143","3,730","N/A"
"60144","29","N/A"
"60145","714","N/A"
"60146","837","N/A"
"60147","47","N/A"
"60148","16,716","N/A"
"60150","539","N/A"
"60151","1,121","N/A"
"60152","3,503","N/A"
"60153","7,280","N/A"
"60154","5,531","N/A"
"60155","2,558","N/A"
"60156","9,735","N/A"
"60157","812","N/A"
"60159","85","N/A"
"60160","8,989","N/A"
"60161","31","N/A"
"60162","3,770","N/A"
"60163","1,833","N/A"
"60164","7,992","N/A"
"60165","1,531","N/A"
"60168","35","N/A"
"60169","9,750","N/A"
"60170","13","N/A"
"60171","3,218","N/A"
"60172","7,719","N/A"
"60173","3,576","N/A"
"60174","10,205","N/A"
"60175","7,917","N/A"
"60176","3,720","N/A"
"60177","8,616","N/A"
"60178","7,227","N/A"
"60179","6","N/A"
"60180","383","N/A"
"60181","9,744","N/A"
"60182","6","N/A"
"60183","15","N/A"
"60184","693","N/A"
"60185","11,926","N/A"
"60186","21","N/A"
"60187","9,434","N/A"
"60188","14,022","N/A"
"60189","9,566","N/A"
"60190","3,716","N/A"
"60191","4,802","N/A"
"60192","4,013","N/A"
"60193","11,450","N/A"
"60194","6,008","N/A"
"60195","1,353","N/A"
"60196","21","N/A"
"60199","7","N/A"
"60201","13,213","N/A"
"60202","9,356","N/A"
"60203","1,318","N/A"
"60204","35","N/A"
"60208","114","N/A"
"60301","829","N/A"
"60302","8,921","N/A"
"60303","76","N/A"
"60304","4,706","N/A"
"60305","2,858","N/A"
"60401","2,192","N/A"
"60402","20,866","N/A"
"60403","6,425","N/A"
"60404","6,653","N/A"
"60405","7","N/A"
"60406","6,690","N/A"
"60407","444","N/A"
"60408","1,769","N/A"
"60409","9,917","N/A"
"60410","4,270","N/A"
"60411","16,340","N/A"
"60412","35","N/A"
"60415","4,387","N/A"
"60416","3,101","N/A"
"60417","3,977","N/A"
"60418","3,068","N/A"
"60419","7,018","N/A"
"60420","1,571","N/A"
"60421","1,118","N/A"
"60422","3,185","N/A"
"60423","10,159","N/A"
"60424","620","N/A"
"60425","2,773","N/A"
"60426","7,225","N/A"
"60428","3,615","N/A"
"60429","4,862","N/A"
"60430","6,423","N/A"
"60431","9,979","N/A"
"60432","6,431","N/A"
"60433","5,404","N/A"
"60434","882","N/A"
"60435","16,400","N/A"
"60436","6,168","N/A"
"60437","52","N/A"
"60438","8,660","N/A"
"60439","7,042","N/A"
"60440","16,850","N/A"
"60441","10,606","N/A"
"60442","3,930","N/A"
"60443","5,904","N/A"
"60444","469","N/A"
"60445","5,400","N/A"
"60446","13,439","N/A"
"60447","4,854","N/A"
"60448","7,638","N/A"
"60449","2,346","N/A"
"60450","6,664","N/A"
"60451","11,496","N/A"
"60452","8,149","N/A"
"60453","16,932","N/A"
"60454","64","N/A"
"60455","4,904","N/A"
"60456","1,205","N/A"
"60457","3,878","N/A"
"60458","3,995","N/A"
"60459","8,139","N/A"
"60460","468","N/A"
"60461","1,225","N/A"
"60462","11,867","N/A"
"60463","4,629","N/A"
"60464","2,816","N/A"
"60465","5,010","N/A"
"60466","6,104","N/A"
"60467","7,420","N/A"
"60468","1,752","N/A"
"60469","1,726","N/A"
"60470","148","N/A"
"60471","3,595","N/A"
"60472","1,542","N/A"
"60473","7,622","N/A"
"60474","207","N/A"
"60475","2,275","N/A"
"60476","627","N/A"
"60477","11,235","N/A"
"60478","5,136","N/A"
"60479","178","N/A"
"60480","1,531","N/A"
"60481","3,218","N/A"
"60482","2,950","N/A"
"60484","1,745","N/A"
"60485","13","N/A"
"60487","7,936","N/A"
"60488","7","N/A"
"60490","6,570","N/A"
"60491","6,096","N/A"
"60499","17","N/A"
"60501","3,184","N/A"
"60502","6,536","N/A"
"60503","4,890","N/A"
"60504","12,382","N/A"
"60505","20,258","N/A"
"60506","18,500","N/A"
"60507","99","N/A"
"60508","7","N/A"
"60510","8,446","N/A"
"60511","451","N/A"
"60512","334","N/A"
"60513","5,788","N/A"
"60514","2,952","N/A"
"60515","8,575","N/A"
"60516","8,280","N/A"
"60517","10,052","N/A"
"60518","993","N/A"
"60519","39","N/A"
"60520","856","N/A"
"60521","5,123","N/A"
"60522","38","N/A"
"60523","3,087","N/A"
"60524","10","N/A"
"60525","9,835","N/A"
"60526","4,192","N/A"
"60527","8,742","N/A"
"60528","9","N/A"
"60530","187","N/A"
"60531","656","N/A"
"60532","8,140","N/A"
"60534","3,184","N/A"
"60535","6","N/A"
"60536","49","N/A"
"60537","161","N/A"
"60538","9,832","N/A"
"60539","125","N/A"
"60540","12,181","N/A"
"60541","886","N/A"
"60542","6,153","N/A"
"60543","12,495","N/A"
"60544","8,818","N/A"
"60545","4,896","N/A"
"60546","4,805","N/A"
"60548","3,978","N/A"
"60549","207","N/A"
"60550","459","N/A"
"60551","2,285","N/A"
"60552","1,203","N/A"
"60553","189","N/A"
"60554","3,522","N/A"
"60555","4,584","N/A"
"60556","512","N/A"
"60557","13","N/A"
"60558","3,873","N/A"
"60559","7,651","N/A"
"60560","8,729","N/A"
"60561","6,532","N/A"
"60562","7","N/A"
"60563","12,207","N/A"
"60564","12,902","N/A"
"60565","11,122","N/A"
"60566","21","N/A"
"60567","84","N/A"
"60568","7","N/A"
"60569","6","N/A"
"60585","7,771","N/A"
"60586","16,325","N/A"
"60598","32","N/A"
"60601","5,591","N/A"
"60602","495","N/A"
"60603","433","N/A"
"60604","486","N/A"
"60605","7,610","N/A"
"60606","1,222","N/A"
"60607","9,201","N/A"
"60608","20,734","N/A"
"60609","17,415","N/A"
"60610","11,335","N/A"
"60611","9,155","N/A"
"60612","10,657","N/A"
"60613","13,494","N/A"
"60614","19,279","N/A"
"60615","9,987","N/A"
"60616","12,465","N/A"
"60617","20,547","N/A"
"60618","25,519","N/A"
"60619","15,245","N/A"
"60620","16,790","N/A"
"60621","7,468","N/A"
"60622","15,223","N/A"
"60623","25,084","N/A"
"60624","9,642","N/A"
"60625","22,240","N/A"
"60626","13,595","N/A"
"60627","15","N/A"
"60628","16,637","N/A"
"60629","35,032","N/A"
"60630","16,738","N/A"
"60631","9,899","N/A"
"60632","26,603","N/A"
"60633","4,323","N/A"
"60634","25,769","N/A"
"60635","15","N/A"
"60636","9,093","N/A"
"60637","13,055","N/A"
"60638","19,055","N/A"
"60639","30,102","N/A"
"60640","17,562","N/A"
"60641","22,026","N/A"
"60642","5,648","N/A"
"60643","13,710","N/A"
"60644","12,818","N/A"
"60645","14,333","N/A"
"60646","8,940","N/A"
"60647","24,170","N/A"
"60649","11,019","N/A"
"60650","37","N/A"
"60651","18,281","N/A"
"60652","13,309","N/A"
"60653","8,971","N/A"
"60654","6,008","N/A"
"60655","8,699","N/A"
"60656","8,663","N/A"
"60657","19,350","N/A"
"60659","12,170","N/A"
"60660","10,905","N/A"
"60661","3,037","N/A"
"60663","9","N/A"
"60664","10","N/A"
"60666","20","N/A"
"60680","147","N/A"
"60690","46","N/A"
"60699","7","N/A"
"60706","7,968","N/A"
"60707","14,356","N/A"
"60712","6,164","N/A"
"60713","8","N/A"
"60714","11,259","N/A"
"60803","6,163","N/A"
"60804","25,978","N/A"
"60805","6,173","N/A"
"60806","7","N/A"
"60827","6,412","N/A"
"60864","6","N/A"
"60901","13,135","N/A"
"60910","123","N/A"
"60911","404","N/A"
"60912","107","N/A"
"60913","449","N/A"
"60914","9,781","N/A"
"60915","3,639","N/A"
"60917","141","N/A"
"60918","289","N/A"
"60919","152","N/A"
"60920","43","N/A"
"60921","525","N/A"
"60922","678","N/A"
"60924","566","N/A"
"60926","12","N/A"
"60927","678","N/A"
"60928","199","N/A"
"60929","217","N/A"
"60930","378","N/A"
"60931","159","N/A"
"60932","42","N/A"
"60933","97","N/A"
"60934","110","N/A"
"60935","313","N/A"
"60936","1,699","N/A"
"60938","769","N/A"
"60939","12","N/A"
"60940","820","N/A"
"60941","660","N/A"
"60942","3,055","N/A"
"60944","33","N/A"
"60945","42","N/A"
"60946","129","N/A"
"60948","538","N/A"
"60949","214","N/A"
"60950","3,706","N/A"
"60951","207","N/A"
"60952","251","N/A"
"60953","723","N/A"
"60954","1,868","N/A"
"60955","687","N/A"
"60956","36","N/A"
"60957","2,412","N/A"
"60958","505","N/A"
"60959","359","N/A"
"60960","351","N/A"
"60961","184","N/A"
"60962","173","N/A"
"60963","794","N/A"
"60964","1,387","N/A"
"60966","375","N/A"
"60967","21","N/A"
"60968","132","N/A"
"60969","23","N/A"
"60970","2,055","N/A"
"60973","182","N/A"
"60974","58","N/A"
"61001","286","N/A"
"61006","518","N/A"
"61007","154","N/A"
"61008","11,442","N/A"
"61010","2,849","N/A"
"61011","841","N/A"
"61012","704","N/A"
"61013","206","N/A"
"61014","270","N/A"
"61015","270","N/A"
"61016","1,656","N/A"
"61018","307","N/A"
"61019","1,008","N/A"
"61020","1,259","N/A"
"61021","8,207","N/A"
"61024","829","N/A"
"61025","901","N/A"
"61027","11","N/A"
"61028","450","N/A"
"61030","822","N/A"
"61031","582","N/A"
"61032","10,684","N/A"
"61036","1,580","N/A"
"61037","37","N/A"
"61038","348","N/A"
"61039","261","N/A"
"61041","387","N/A"
"61042","120","N/A"
"61043","53","N/A"
"61044","67","N/A"
"61046","842","N/A"
"61047","502","N/A"
"61048","1,279","N/A"
"61049","114","N/A"
"61050","107","N/A"
"61051","406","N/A"
"61052","366","N/A"
"61053","735","N/A"
"61054","1,138","N/A"
"61057","12","N/A"
"61059","55","N/A"
"61060","394","N/A"
"61061","2,047","N/A"
"61062","579","N/A"
"61063","1,199","N/A"
"61064","1,108","N/A"
"61065","3,668","N/A"
"61067","217","N/A"
"61068","5,355","N/A"
"61070","335","N/A"
"61071","4,865","N/A"
"61072","3,680","N/A"
"61073","6,744","N/A"
"61074","1,157","N/A"
"61075","273","N/A"
"61077","28","N/A"
"61078","403","N/A"
"61079","23","N/A"
"61080","3,734","N/A"
"61081","8,068","N/A"
"61084","1,059","N/A"
"61085","865","N/A"
"61087","437","N/A"
"61088","2,084","N/A"
"61089","238","N/A"
"61091","18","N/A"
"61101","6,712","N/A"
"61102","6,163","N/A"
"61103","8,484","N/A"
"61104","5,903","N/A"
"61105","34","N/A"
"61106","14","N/A"
"61107","11,605","N/A"
"61108","11,081","N/A"
"61109","9,639","N/A"
"61110","36","N/A"
"61111","8,626","N/A"
"61112","89","N/A"
"61114","5,885","N/A"
"61115","8,099","N/A"
"61125","47","N/A"
"61126","35","N/A"
"61130","6","N/A"
"61132","23","N/A"
"61201","11,061","N/A"
"61204","49","N/A"
"61224","57","N/A"
"61230","337","N/A"
"61231","1,922","N/A"
"61232","396","N/A"
"61233","155","N/A"
"61234","401","N/A"
"61235","391","N/A"
"61236","30","N/A"
"61237","8","N/A"
"61238","885","N/A"
"61239","304","N/A"
"61240","1,764","N/A"
"61241","2,283","N/A"
"61242","294","N/A"
"61243","47","N/A"
"61244","7,334","N/A"
"61250","764","N/A"
"61251","110","N/A"
"61252","1,662","N/A"
"61254","3,388","N/A"
"61256","576","N/A"
"61257","306","N/A"
"61258","47","N/A"
"61259","205","N/A"
"61260","214","N/A"
"61261","258","N/A"
"61262","201","N/A"
"61263","225","N/A"
"61264","3,022","N/A"
"61265","13,296","N/A"
"61266","38","N/A"
"61270","2,420","N/A"
"61272","393","N/A"
"61273","957","N/A"
"61274","81","N/A"
"61275","1,330","N/A"
"61276","42","N/A"
"61277","1,100","N/A"
"61278","123","N/A"
"61279","292","N/A"
"61281","794","N/A"
"61282","2,670","N/A"
"61283","412","N/A"
"61284","583","N/A"
"61285","1,386","N/A"
"61301","3,419","N/A"
"61310","1,144","N/A"
"61311","78","N/A"
"61312","111","N/A"
"61313","87","N/A"
"61314","223","N/A"
"61315","89","N/A"
"61316","93","N/A"
"61317","113","N/A"
"61318","179","N/A"
"61319","378","N/A"
"61320","165","N/A"
"61321","98","N/A"
"61322","492","N/A"
"61323","32","N/A"
"61324","28","N/A"
"61325","295","N/A"
"61326","601","N/A"
"61327","306","N/A"
"61328","14","N/A"
"61329","391","N/A"
"61330","445","N/A"
"61332","26","N/A"
"61333","149","N/A"
"61334","200","N/A"
"61335","124","N/A"
"61336","128","N/A"
"61337","156","N/A"
"61338","111","N/A"
"61340","103","N/A"
"61341","2,563","N/A"
"61342","3,318","N/A"
"61344","108","N/A"
"61345","229","N/A"
"61346","14","N/A"
"61348","1,485","N/A"
"61349","306","N/A"
"61350","8,216","N/A"
"61353","405","N/A"
"61354","3,651","N/A"
"61356","3,486","N/A"
"61358","125","N/A"
"61359","94","N/A"
"61360","921","N/A"
"61361","367","N/A"
"61362","2,076","N/A"
"61363","64","N/A"
"61364","6,822","N/A"
"61367","213","N/A"
"61368","315","N/A"
"61369","599","N/A"
"61370","334","N/A"
"61371","21","N/A"
"61372","61","N/A"
"61373","642","N/A"
"61374","30","N/A"
"61375","241","N/A"
"61376","642","N/A"
"61377","402","N/A"
"61378","109","N/A"
"61379","391","N/A"
"61401","10,732","N/A"
"61402","670","N/A"
"61410","1,226","N/A"
"61411","107","N/A"
"61412","372","N/A"
"61413","252","N/A"
"61414","204","N/A"
"61415","461","N/A"
"61416","75","N/A"
"61417","54","N/A"
"61418","144","N/A"
"61419","33","N/A"
"61420","290","N/A"
"61421","428","N/A"
"61422","1,044","N/A"
"61423","160","N/A"
"61424","22","N/A"
"61425","80","N/A"
"61426","25","N/A"
"61427","730","N/A"
"61428","302","N/A"
"61430","222","N/A"
"61431","102","N/A"
"61432","197","N/A"
"61433","39","N/A"
"61434","985","N/A"
"61435","39","N/A"
"61436","197","N/A"
"61437","164","N/A"
"61438","198","N/A"
"61439","67","N/A"
"61440","204","N/A"
"61441","271","N/A"
"61442","198","N/A"
"61443","5,371","N/A"
"61447","262","N/A"
"61448","1,188","N/A"
"61449","139","N/A"
"61450","449","N/A"
"61451","83","N/A"
"61452","86","N/A"
"61453","163","N/A"
"61454","160","N/A"
"61455","6,165","N/A"
"61458","165","N/A"
"61459","80","N/A"
"61460","65","N/A"
"61462","3,438","N/A"
"61465","324","N/A"
"61466","97","N/A"
"61467","294","N/A"
"61468","15","N/A"
"61469","472","N/A"
"61470","171","N/A"
"61471","29","N/A"
"61472","151","N/A"
"61473","530","N/A"
"61474","79","N/A"
"61475","61","N/A"
"61476","102","N/A"
"61477","159","N/A"
"61478","67","N/A"
"61479","38","N/A"
"61480","378","N/A"
"61482","239","N/A"
"61483","725","N/A"
"61484","229","N/A"
"61485","155","N/A"
"61486","417","N/A"
"61488","292","N/A"
"61489","236","N/A"
"61490","276","N/A"
"61491","655","N/A"
"61501","604","N/A"
"61516","209","N/A"
"61517","937","N/A"
"61519","75","N/A"
"61520","7,103","N/A"
"61523","3,208","N/A"
"61524","92","N/A"
"61525","3,589","N/A"
"61526","344","N/A"
"61528","964","N/A"
"61529","838","N/A"
"61530","2,087","N/A"
"61531","1,052","N/A"
"61532","156","N/A"
"61533","684","N/A"
"61534","564","N/A"
"61535","561","N/A"
"61536","960","N/A"
"61537","887","N/A"
"61539","53","N/A"
"61540","852","N/A"
"61541","39","N/A"
"61542","1,152","N/A"
"61543","24","N/A"
"61544","186","N/A"
"61545","194","N/A"
"61546","1,357","N/A"
"61547","1,258","N/A"
"61548","4,182","N/A"
"61550","6,512","N/A"
"61552","59","N/A"
"61553","69","N/A"
"61554","14,874","N/A"
"61555","39","N/A"
"61559","921","N/A"
"61560","141","N/A"
"61561","900","N/A"
"61562","27","N/A"
"61563","153","N/A"
"61564","366","N/A"
"61565","361","N/A"
"61567","175","N/A"
"61568","1,551","N/A"
"61569","327","N/A"
"61570","543","N/A"
"61571","8,349","N/A"
"61572","297","N/A"
"61601","68","N/A"
"61602","355","N/A"
"61603","5,358","N/A"
"61604","10,765","N/A"
"61605","4,656","N/A"
"61606","1,706","N/A"
"61607","3,738","N/A"
"61610","1,688","N/A"
"61611","8,398","N/A"
"61612","49","N/A"
"61613","6","N/A"
"61614","9,487","N/A"
"61615","7,937","N/A"
"61616","2,212","N/A"
"61625","94","N/A"
"61636","18","N/A"
"61651","6","N/A"
"61701","12,890","N/A"
"61702","83","N/A"
"61704","13,296","N/A"
"61705","5,403","N/A"
"61720","87","N/A"
"61721","214","N/A"
"61722","170","N/A"
"61723","893","N/A"
"61724","167","N/A"
"61725","538","N/A"
"61726","908","N/A"
"61727","3,114","N/A"
"61728","508","N/A"
"61729","392","N/A"
"61730","120","N/A"
"61731","81","N/A"
"61732","770","N/A"
"61733","370","N/A"
"61734","819","N/A"
"61735","93","N/A"
"61736","805","N/A"
"61737","154","N/A"
"61738","1,609","N/A"
"61739","1,645","N/A"
"61740","574","N/A"
"61741","582","N/A"
"61742","332","N/A"
"61743","80","N/A"
"61744","603","N/A"
"61745","1,619","N/A"
"61747","600","N/A"
"61748","1,049","N/A"
"61749","169","N/A"
"61750","28","N/A"
"61751","39","N/A"
"61752","1,487","N/A"
"61753","1,043","N/A"
"61754","405","N/A"
"61755","1,598","N/A"
"61756","678","N/A"
"61759","591","N/A"
"61760","896","N/A"
"61761","20,867","N/A"
"61764","5,577","N/A"
"61769","189","N/A"
"61770","355","N/A"
"61771","236","N/A"
"61772","134","N/A"
"61773","184","N/A"
"61774","290","N/A"
"61775","134","N/A"
"61776","473","N/A"
"61777","264","N/A"
"61778","206","N/A"
"61790","747","N/A"
"61801","11,110","N/A"
"61802","7,975","N/A"
"61803","61","N/A"
"61810","106","N/A"
"61811","285","N/A"
"61812","140","N/A"
"61813","581","N/A"
"61814","580","N/A"
"61815","88","N/A"
"61816","169","N/A"
"61817","1,153","N/A"
"61818","605","N/A"
"61820","20,179","N/A"
"61821","11,529","N/A"
"61822","9,316","N/A"
"61824","46","N/A"
"61825","12","N/A"
"61826","90","N/A"
"61830","131","N/A"
"61831","53","N/A"
"61832","15,320","N/A"
"61833","970","N/A"
"61834","4,512","N/A"
"61839","161","N/A"
"61840","358","N/A"
"61841","551","N/A"
"61842","1,126","N/A"
"61843","1,018","N/A"
"61844","380","N/A"
"61845","123","N/A"
"61846","2,086","N/A"
"61847","594","N/A"
"61848","125","N/A"
"61849","606","N/A"
"61850","201","N/A"
"61851","109","N/A"
"61852","76","N/A"
"61853","5,438","N/A"
"61854","516","N/A"
"61855","48","N/A"
"61856","2,652","N/A"
"61857","76","N/A"
"61858","1,389","N/A"
"61859","457","N/A"
"61862","217","N/A"
"61863","341","N/A"
"61864","726","N/A"
"61865","593","N/A"
"61866","6,202","N/A"
"61870","512","N/A"
"61871","110","N/A"
"61872","235","N/A"
"61873","2,572","N/A"
"61874","3,539","N/A"
"61875","239","N/A"
"61876","290","N/A"
"61877","631","N/A"
"61878","493","N/A"
"61880","1,965","N/A"
"61882","186","N/A"
"61883","2,104","N/A"
"61884","382","N/A"
"61910","2,028","N/A"
"61911","1,171","N/A"
"61912","408","N/A"
"61913","553","N/A"
"61914","632","N/A"
"61917","219","N/A"
"61919","320","N/A"
"61920","8,159","N/A"
"61924","891","N/A"
"61925","317","N/A"
"61928","259","N/A"
"61929","239","N/A"
"61930","213","N/A"
"61931","402","N/A"
"61932","134","N/A"
"61933","394","N/A"
"61936","93","N/A"
"61937","652","N/A"
"61938","9,061","N/A"
"61940","83","N/A"
"61941","26","N/A"
"61942","454","N/A"
"61943","521","N/A"
"61944","4,738","N/A"
"61949","66","N/A"
"61951","2,875","N/A"
"61953","2,711","N/A"
"61955","76","N/A"
"61956","1,229","N/A"
"61957","658","N/A"
"62001","568","N/A"
"62002","11,563","N/A"
"62006","264","N/A"
"62009","581","N/A"
"62010","4,247","N/A"
"62011","106","N/A"
"62012","2,193","N/A"
"62013","183","N/A"
"62014","1,258","N/A"
"62015","177","N/A"
"62016","1,225","N/A"
"62017","371","N/A"
"62018","1,252","N/A"
"62019","132","N/A"
"62021","267","N/A"
"62022","340","N/A"
"62023","16","N/A"
"62024","3,036","N/A"
"62025","10,704","N/A"
"62026","295","N/A"
"62027","111","N/A"
"62028","236","N/A"
"62030","34","N/A"
"62031","276","N/A"
"62032","269","N/A"
"62033","1,718","N/A"
"62034","4,479","N/A"
"62035","6,284","N/A"
"62036","254","N/A"
"62037","553","N/A"
"62040","12,312","N/A"
"62044","556","N/A"
"62045","171","N/A"
"62046","302","N/A"
"62047","711","N/A"
"62048","398","N/A"
"62049","4,583","N/A"
"62050","127","N/A"
"62051","332","N/A"
"62052","5,097","N/A"
"62053","226","N/A"
"62054","249","N/A"
"62056","3,373","N/A"
"62058","232","N/A"
"62059","135","N/A"
"62060","1,092","N/A"
"62061","537","N/A"
"62062","2,608","N/A"
"62063","343","N/A"
"62065","43","N/A"
"62067","863","N/A"
"62069","1,122","N/A"
"62070","10","N/A"
"62074","280","N/A"
"62075","1,226","N/A"
"62076","30","N/A"
"62077","88","N/A"
"62078","12","N/A"
"62079","104","N/A"
"62080","868","N/A"
"62081","77","N/A"
"62082","862","N/A"
"62083","77","N/A"
"62084","530","N/A"
"62085","66","N/A"
"62086","435","N/A"
"62087","652","N/A"
"62088","2,467","N/A"
"62089","156","N/A"
"62090","270","N/A"
"62091","125","N/A"
"62092","1,145","N/A"
"62093","166","N/A"
"62094","333","N/A"
"62095","3,875","N/A"
"62097","836","N/A"
"62201","1,739","N/A"
"62202","43","N/A"
"62203","2,246","N/A"
"62204","1,381","N/A"
"62205","2,094","N/A"
"62206","4,104","N/A"
"62207","2,120","N/A"
"62208","5,471","N/A"
"62214","304","N/A"
"62215","594","N/A"
"62216","1,177","N/A"
"62217","296","N/A"
"62218","510","N/A"
"62219","382","N/A"
"62220","6,290","N/A"
"62221","9,275","N/A"
"62222","53","N/A"
"62223","5,195","N/A"
"62225","1,220","N/A"
"62226","9,912","N/A"
"62230","2,661","N/A"
"62231","2,852","N/A"
"62232","2,611","N/A"
"62233","3,351","N/A"
"62234","9,973","N/A"
"62236","4,330","N/A"
"62237","943","N/A"
"62238","204","N/A"
"62239","1,386","N/A"
"62240","469","N/A"
"62241","403","N/A"
"62242","437","N/A"
"62243","1,914","N/A"
"62244","281","N/A"
"62245","630","N/A"
"62246","3,190","N/A"
"62248","154","N/A"
"62249","5,491","N/A"
"62250","158","N/A"
"62253","211","N/A"
"62254","1,977","N/A"
"62255","256","N/A"
"62256","33","N/A"
"62257","885","N/A"
"62258","3,282","N/A"
"62259","1,156","N/A"
"62260","2,025","N/A"
"62261","65","N/A"
"62262","584","N/A"
"62263","1,619","N/A"
"62264","960","N/A"
"62265","1,578","N/A"
"62266","79","N/A"
"62268","182","N/A"
"62269","11,385","N/A"
"62271","562","N/A"
"62272","581","N/A"
"62273","103","N/A"
"62274","3,768","N/A"
"62275","1,012","N/A"
"62277","429","N/A"
"62278","2,642","N/A"
"62279","21","N/A"
"62280","113","N/A"
"62281","1,004","N/A"
"62282","165","N/A"
"62284","200","N/A"
"62285","1,490","N/A"
"62286","2,237","N/A"
"62288","1,091","N/A"
"62289","136","N/A"
"62292","256","N/A"
"62293","1,564","N/A"
"62294","5,216","N/A"
"62295","462","N/A"
"62297","122","N/A"
"62298","6,082","N/A"
"62301","14,504","N/A"
"62305","7,716","N/A"
"62306","22","N/A"
"62311","248","N/A"
"62312","866","N/A"
"62313","115","N/A"
"62314","220","N/A"
"62316","241","N/A"
"62319","44","N/A"
"62320","991","N/A"
"62321","1,269","N/A"
"62323","75","N/A"
"62324","473","N/A"
"62325","176","N/A"
"62326","744","N/A"
"62330","406","N/A"
"62334","46","N/A"
"62336","22","N/A"
"62338","509","N/A"
"62339","386","N/A"
"62340","577","N/A"
"62341","1,037","N/A"
"62343","243","N/A"
"62344","37","N/A"
"62345","125","N/A"
"62346","68","N/A"
"62347","790","N/A"
"62348","8","N/A"
"62349","246","N/A"
"62351","701","N/A"
"62352","78","N/A"
"62353","2,478","N/A"
"62354","394","N/A"
"62355","248","N/A"
"62356","232","N/A"
"62357","96","N/A"
"62358","160","N/A"
"62359","56","N/A"
"62360","653","N/A"
"62361","141","N/A"
"62362","124","N/A"
"62363","2,602","N/A"
"62365","214","N/A"
"62366","523","N/A"
"62367","349","N/A"
"62370","177","N/A"
"62373","104","N/A"
"62374","76","N/A"
"62375","116","N/A"
"62376","503","N/A"
"62378","253","N/A"
"62379","582","N/A"
"62380","111","N/A"
"62401","7,429","N/A"
"62410","361","N/A"
"62411","1,705","N/A"
"62413","153","N/A"
"62414","653","N/A"
"62417","1,309","N/A"
"62418","772","N/A"
"62419","130","N/A"
"62420","1,717","N/A"
"62421","256","N/A"
"62422","389","N/A"
"62423","196","N/A"
"62424","755","N/A"
"62425","211","N/A"
"62426","336","N/A"
"62427","488","N/A"
"62428","1,152","N/A"
"62431","368","N/A"
"62432","242","N/A"
"62433","331","N/A"
"62434","112","N/A"
"62436","216","N/A"
"62438","119","N/A"
"62439","2,893","N/A"
"62440","430","N/A"
"62441","2,816","N/A"
"62442","853","N/A"
"62443","536","N/A"
"62444","130","N/A"
"62445","315","N/A"
"62446","147","N/A"
"62447","1,265","N/A"
"62448","2,092","N/A"
"62449","1,153","N/A"
"62450","4,999","N/A"
"62451","741","N/A"
"62452","141","N/A"
"62454","5,112","N/A"
"62458","957","N/A"
"62459","65","N/A"
"62460","375","N/A"
"62461","322","N/A"
"62462","327","N/A"
"62463","397","N/A"
"62464","28","N/A"
"62465","275","N/A"
"62466","2,249","N/A"
"62467","1,226","N/A"
"62468","950","N/A"
"62469","176","N/A"
"62471","4,542","N/A"
"62473","479","N/A"
"62474","291","N/A"
"62475","92","N/A"
"62476","536","N/A"
"62477","296","N/A"
"62478","126","N/A"
"62479","250","N/A"
"62480","209","N/A"
"62481","107","N/A"
"62501","838","N/A"
"62510","528","N/A"
"62512","150","N/A"
"62513","547","N/A"
"62514","63","N/A"
"62515","358","N/A"
"62517","67","N/A"
"62518","155","N/A"
"62519","24","N/A"
"62520","564","N/A"
"62521","13,747","N/A"
"62522","5,074","N/A"
"62523","314","N/A"
"62524","147","N/A"
"62525","59","N/A"
"62526","13,031","N/A"
"62530","516","N/A"
"62531","624","N/A"
"62532","31","N/A"
"62533","363","N/A"
"62534","388","N/A"
"62535","1,409","N/A"
"62536","346","N/A"
"62537","67","N/A"
"62538","132","N/A"
"62539","445","N/A"
"62540","508","N/A"
"62541","15","N/A"
"62543","156","N/A"
"62544","675","N/A"
"62545","467","N/A"
"62546","537","N/A"
"62547","231","N/A"
"62548","840","N/A"
"62549","2,561","N/A"
"62550","1,029","N/A"
"62551","268","N/A"
"62553","154","N/A"
"62554","602","N/A"
"62555","170","N/A"
"62556","108","N/A"
"62557","2,741","N/A"
"62558","1,298","N/A"
"62560","565","N/A"
"62561","2,215","N/A"
"62563","2,509","N/A"
"62565","2,814","N/A"
"62567","368","N/A"
"62568","6,899","N/A"
"62570","153","N/A"
"62571","427","N/A"
"62572","189","N/A"
"62573","522","N/A"
"62601","132","N/A"
"62610","51","N/A"
"62611","343","N/A"
"62612","731","N/A"
"62613","1,493","N/A"
"62615","2,247","N/A"
"62617","233","N/A"
"62618","3,530","N/A"
"62620","15","N/A"
"62621","338","N/A"
"62622","17","N/A"
"62624","149","N/A"
"62625","347","N/A"
"62626","3,248","N/A"
"62627","369","N/A"
"62628","274","N/A"
"62629","5,910","N/A"
"62630","176","N/A"
"62631","98","N/A"
"62633","207","N/A"
"62634","328","N/A"
"62635","277","N/A"
"62638","436","N/A"
"62639","93","N/A"
"62640","1,231","N/A"
"62642","508","N/A"
"62643","191","N/A"
"62644","1,732","N/A"
"62649","171","N/A"
"62650","9,764","N/A"
"62651","44","N/A"
"62655","151","N/A"
"62656","9,245","N/A"
"62658","15","N/A"
"62661","422","N/A"
"62663","105","N/A"
"62664","1,089","N/A"
"62665","434","N/A"
"62666","183","N/A"
"62667","172","N/A"
"62668","454","N/A"
"62670","1,135","N/A"
"62671","171","N/A"
"62672","80","N/A"
"62673","167","N/A"
"62674","405","N/A"
"62675","2,259","N/A"
"62677","955","N/A"
"62681","2,006","N/A"
"62682","326","N/A"
"62684","2,420","N/A"
"62685","615","N/A"
"62688","227","N/A"
"62689","195","N/A"
"62690","1,481","N/A"
"62691","934","N/A"
"62692","661","N/A"
"62693","744","N/A"
"62694","999","N/A"
"62695","160","N/A"
"62701","385","N/A"
"62702","13,419","N/A"
"62703","11,626","N/A"
"62704","14,999","N/A"
"62705","49","N/A"
"62706","18","N/A"
"62707","2,962","N/A"
"62708","102","N/A"
"62711","6,807","N/A"
"62712","4,004","N/A"
"62769","13","N/A"
"62771","54","N/A"
"62781","19","N/A"
"62791","95","N/A"
"62794","48","N/A"
"62801","8,753","N/A"
"62803","291","N/A"
"62806","1,129","N/A"
"62807","312","N/A"
"62808","441","N/A"
"62809","98","N/A"
"62810","301","N/A"
"62811","115","N/A"
"62812","4,326","N/A"
"62814","596","N/A"
"62815","121","N/A"
"62816","416","N/A"
"62817","191","N/A"
"62818","96","N/A"
"62819","182","N/A"
"62820","44","N/A"
"62821","2,902","N/A"
"62822","1,258","N/A"
"62823","752","N/A"
"62824","703","N/A"
"62825","74","N/A"
"62827","390","N/A"
"62828","416","N/A"
"62830","481","N/A"
"62831","143","N/A"
"62832","3,971","N/A"
"62833","112","N/A"
"62835","425","N/A"
"62836","232","N/A"
"62837","3,849","N/A"
"62838","559","N/A"
"62839","3,285","N/A"
"62841","94","N/A"
"62842","304","N/A"
"62843","28","N/A"
"62844","850","N/A"
"62846","1,184","N/A"
"62848","198","N/A"
"62849","751","N/A"
"62850","97","N/A"
"62851","104","N/A"
"62852","59","N/A"
"62853","299","N/A"
"62854","529","N/A"
"62856","101","N/A"
"62858","1,180","N/A"
"62859","1,913","N/A"
"62860","185","N/A"
"62861","11","N/A"
"62862","138","N/A"
"62863","4,190","N/A"
"62864","8,722","N/A"
"62865","866","N/A"
"62866","7","N/A"
"62867","176","N/A"
"62868","647","N/A"
"62869","1,014","N/A"
"62870","956","N/A"
"62871","202","N/A"
"62872","348","N/A"
"62874","146","N/A"
"62875","400","N/A"
"62876","53","N/A"
"62877","151","N/A"
"62878","147","N/A"
"62880","239","N/A"
"62881","4,148","N/A"
"62882","871","N/A"
"62883","194","N/A"
"62884","1,133","N/A"
"62885","280","N/A"
"62886","114","N/A"
"62887","94","N/A"
"62888","670","N/A"
"62889","235","N/A"
"62890","1,003","N/A"
"62891","226","N/A"
"62892","109","N/A"
"62893","304","N/A"
"62894","361","N/A"
"62895","633","N/A"
"62896","4,964","N/A"
"62897","137","N/A"
"62898","679","N/A"
"62899","603","N/A"
"62901","8,922","N/A"
"62902","1,541","N/A"
"62903","917","N/A"
"62905","221","N/A"
"62906","3,340","N/A"
"62907","665","N/A"
"62908","163","N/A"
"62909","7","N/A"
"62910","671","N/A"
"62912","361","N/A"
"62914","531","N/A"
"62915","281","N/A"
"62916","296","N/A"
"62917","1,075","N/A"
"62918","4,758","N/A"
"62919","288","N/A"
"62920","1,164","N/A"
"62921","133","N/A"
"62922","1,078","N/A"
"62923","188","N/A"
"62924","1,126","N/A"
"62926","704","N/A"
"62927","109","N/A"
"62928","81","N/A"
"62930","2,540","N/A"
"62931","535","N/A"
"62932","691","N/A"
"62933","660","N/A"
"62934","313","N/A"
"62935","824","N/A"
"62938","884","N/A"
"62939","1,262","N/A"
"62940","128","N/A"
"62941","227","N/A"
"62942","215","N/A"
"62943","214","N/A"
"62946","5,425","N/A"
"62947","157","N/A"
"62948","5,706","N/A"
"62949","327","N/A"
"62950","68","N/A"
"62951","2,271","N/A"
"62952","1,302","N/A"
"62953","97","N/A"
"62954","166","N/A"
"62956","318","N/A"
"62957","205","N/A"
"62958","665","N/A"
"62959","12,006","N/A"
"62960","3,644","N/A"
"62961","10","N/A"
"62963","164","N/A"
"62964","432","N/A"
"62965","40","N/A"
"62966","5,856","N/A"
"62967","143","N/A"
"62969","121","N/A"
"62970","198","N/A"
"62972","463","N/A"
"62974","539","N/A"
"62975","68","N/A"
"62976","133","N/A"
"62977","272","N/A"
"62979","476","N/A"
"62982","592","N/A"
"62983","627","N/A"
"62984","564","N/A"
"62985","308","N/A"
"62987","480","N/A"
"62988","412","N/A"
"62990","308","N/A"
"62992","475","N/A"
"62994","266","N/A"
"62995","2,847","N/A"
"62996","185","N/A"
"62997","172","N/A"
"62998","102","N/A"
"62999","587","N/A"